molecule_chembl_id,ic50_nM,pic50,smiles,inchi
CHEMBL1173655,49.85,7.302334837352325,CN(C)C/C=C/C(=O)Nc1cc2c(Nc3ccc(F)c(Cl)c3)ncnc2cc1O[C@H]1CCOC1,"InChI=1S/C24H25ClFN5O3/c1-31(2)8-3-4-23(32)30-21-11-17-20(12-22(21)34-16-7-9-33-13-16)27-14-28-24(17)29-15-5-6-19(26)18(25)10-15/h3-6,10-12,14,16H,7-9,13H2,1-2H3,(H,30,32)(H,27,28,29)"
CHEMBL1229592,3.59,8.44490555142168,C=CC(=O)Nc1cccc(Oc2nc(Nc3ccc(N4CCN(C)CC4)cc3OC)ncc2Cl)c1,"InChI=1S/C25H27ClN6O3/c1-4-23(33)28-17-6-5-7-19(14-17)35-24-20(26)16-27-25(30-24)29-21-9-8-18(15-22(21)34-3)32-12-10-31(2)11-13-32/h4-9,14-16H,1,10-13H2,2-3H3,(H,28,33)(H,27,29,30)"
CHEMBL1232944,2200.0,5.657577319177793,C=CC(=O)Nc1ccc2c(Nc3cc[nH]n3)nc(-c3ccccc3)nc2c1,"InChI=1S/C20H16N6O/c1-2-18(27)22-14-8-9-15-16(12-14)23-19(13-6-4-3-5-7-13)25-20(15)24-17-10-11-21-26-17/h2-12H,1H2,(H,22,27)(H2,21,23,24,25,26)"
CHEMBL2029425,3.52,8.453457336521868,C=CC(=O)Nc1cccc(N2C(=O)N(C)Cc3cnc(Nc4ccc(N5CCC(N(C)C)CC5)cc4OC)nc32)c1,"InChI=1S/C30H36N8O3/c1-6-27(39)32-21-8-7-9-24(16-21)38-28-20(19-36(4)30(38)40)18-31-29(34-28)33-25-11-10-23(17-26(25)41-5)37-14-12-22(13-15-37)35(2)3/h6-11,16-18,22H,1,12-15,19H2,2-5H3,(H,32,39)(H,31,33,34)"
CHEMBL2032376,1.16,8.935542010773082,C=CC(=O)Nc1cccc(N2C(=O)N(C)Cc3cnc(Nc4ccc(N5CCN(C)CC5)cc4OC)nc32)c1,"InChI=1S/C28H32N8O3/c1-5-25(37)30-20-7-6-8-22(15-20)36-26-19(18-34(3)28(36)38)17-29-27(32-26)31-23-10-9-21(16-24(23)39-4)35-13-11-33(2)12-14-35/h5-10,15-17H,1,11-14,18H2,2-4H3,(H,30,37)(H,29,31,32)"
CHEMBL2032377,4.99,8.30189945437661,C=CC(=O)Nc1cccc(N2C(=O)N(C)Cc3cnc(Nc4ccc(N(C)C)cc4OC)nc32)c1,"InChI=1S/C25H27N7O3/c1-6-22(33)27-17-8-7-9-19(12-17)32-23-16(15-31(4)25(32)34)14-26-24(29-23)28-20-11-10-18(30(2)3)13-21(20)35-5/h6-14H,1,15H2,2-5H3,(H,27,33)(H,26,28,29)"
CHEMBL2032378,29.5,7.530177984021837,C=CC(=O)Nc1cccc(N2C(=O)N(C)Cc3cnc(Nc4ccc(N5CCCCC5)cc4OC)nc32)c1,"InChI=1S/C28H31N7O3/c1-4-25(36)30-20-9-8-10-22(15-20)35-26-19(18-33(2)28(35)37)17-29-27(32-26)31-23-12-11-21(16-24(23)38-3)34-13-6-5-7-14-34/h4,8-12,15-17H,1,5-7,13-14,18H2,2-3H3,(H,30,36)(H,29,31,32)"
CHEMBL2032379,16.4,7.785156151952302,C=CC(=O)Nc1cccc(N2C(=O)N(C)Cc3cnc(Nc4ccc(N5CCOCC5)cc4OC)nc32)c1,"InChI=1S/C27H29N7O4/c1-4-24(35)29-19-6-5-7-21(14-19)34-25-18(17-32(2)27(34)36)16-28-26(31-25)30-22-9-8-20(15-23(22)37-3)33-10-12-38-13-11-33/h4-9,14-16H,1,10-13,17H2,2-3H3,(H,29,35)(H,28,30,31)"
CHEMBL2032380,1.47,8.832682665251824,C=CC(=O)Nc1cccc(N2C(=O)N(C)Cc3cnc(Nc4ccc(N5CCCN(C)CC5)cc4OC)nc32)c1,"InChI=1S/C29H34N8O3/c1-5-26(38)31-21-8-6-9-23(16-21)37-27-20(19-35(3)29(37)39)18-30-28(33-27)32-24-11-10-22(17-25(24)40-4)36-13-7-12-34(2)14-15-36/h5-6,8-11,16-18H,1,7,12-15,19H2,2-4H3,(H,31,38)(H,30,32,33)"
CHEMBL31965,51.0,7.292429823902063,C=CC(=O)Nc1cc2c(Nc3ccc(F)c(Cl)c3)ncnc2cc1OCCCN1CCOCC1,"InChI=1S/C24H25ClFN5O3/c1-2-23(32)30-21-13-17-20(14-22(21)34-9-3-6-31-7-10-33-11-8-31)27-15-28-24(17)29-16-4-5-19(26)18(25)12-16/h2,4-5,12-15H,1,3,6-11H2,(H,30,32)(H,27,28,29)"
CHEMBL3353410,13.555,7.867900478083496,C=CC(=O)Nc1cc(Nc2nccc(-c3cn(C)c4ccccc34)n2)c(OC)cc1N(C)CCN(C)C,"InChI=1S/C28H33N7O2/c1-7-27(36)30-22-16-23(26(37-6)17-25(22)34(4)15-14-33(2)3)32-28-29-13-12-21(31-28)20-18-35(5)24-11-9-8-10-19(20)24/h7-13,16-18H,1,14-15H2,2-6H3,(H,30,36)(H,29,31,32)"
CHEMBL3545308,490.15,6.309670993026031,C=CC(=O)Nc1cccc(Nc2nc(Nc3ccc(N4CCN(C(C)=O)CC4)cc3OC)ncc2C(F)(F)F)c1,"InChI=1S/C27H28F3N7O3/c1-4-24(39)32-18-6-5-7-19(14-18)33-25-21(27(28,29)30)16-31-26(35-25)34-22-9-8-20(15-23(22)40-3)37-12-10-36(11-13-37)17(2)38/h4-9,14-16H,1,10-13H2,2-3H3,(H,32,39)(H2,31,33,34,35)"
CHEMBL3545311,19.4,7.712198270069773,COc1cc(N2CCC(N3CCN(C)CC3)CC2)ccc1Nc1ncc(Cl)c(Nc2ccccc2P(C)(C)=O)n1,"InChI=1S/C29H39ClN7O2P/c1-35-15-17-37(18-16-35)21-11-13-36(14-12-21)22-9-10-24(26(19-22)39-2)33-29-31-20-23(30)28(34-29)32-25-7-5-6-8-27(25)40(3,4)38/h5-10,19-21H,11-18H2,1-4H3,(H2,31,32,33,34)"
CHEMBL3604910,2200.0,5.657577319177793,CCC(=O)Nc1ccc2c(Nc3cc[nH]n3)nc(-c3ccccc3)nc2c1,"InChI=1S/C20H18N6O/c1-2-18(27)22-14-8-9-15-16(12-14)23-19(13-6-4-3-5-7-13)25-20(15)24-17-10-11-21-26-17/h3-12H,2H2,1H3,(H,22,27)(H2,21,23,24,25,26)"
CHEMBL3604911,1100.0,5.958607314841775,C=CC(=O)Nc1ccccc1-c1nc(Nc2cc[nH]n2)c2ccccc2n1,"InChI=1S/C20H16N6O/c1-2-18(27)22-15-9-5-3-7-13(15)19-23-16-10-6-4-8-14(16)20(25-19)24-17-11-12-21-26-17/h2-12H,1H2,(H,22,27)(H2,21,23,24,25,26)"
CHEMBL3604919,2500.0,5.6020599913279625,C=CC(=O)Nc1cccc(-c2nccc(Nc3cc(C)[nH]n3)n2)c1,"InChI=1S/C17H16N6O/c1-3-16(24)19-13-6-4-5-12(10-13)17-18-8-7-14(21-17)20-15-9-11(2)22-23-15/h3-10H,1H2,2H3,(H,19,24)(H2,18,20,21,22,23)"
CHEMBL3604931,1800.0,5.7447274948966935,C=CC(=O)Nc1cccc(Oc2nccc(Nc3cc(C)[nH]n3)n2)c1,"InChI=1S/C17H16N6O2/c1-3-16(24)19-12-5-4-6-13(10-12)25-17-18-8-7-14(21-17)20-15-9-11(2)22-23-15/h3-10H,1H2,2H3,(H,19,24)(H2,18,20,21,22,23)"
CHEMBL3604932,10000.0,5.0,CCC(=O)Nc1cccc(Oc2nccc(Nc3cc(C)[nH]n3)n2)c1,"InChI=1S/C17H18N6O2/c1-3-16(24)19-12-5-4-6-13(10-12)25-17-18-8-7-14(21-17)20-15-9-11(2)22-23-15/h4-10H,3H2,1-2H3,(H,19,24)(H2,18,20,21,22,23)"
CHEMBL3604933,2000.0,5.698970004336019,C=CC(=O)Nc1cccc(Oc2nc(Nc3cc[nH]n3)cc(N3CCN(C)CC3)n2)c1,"InChI=1S/C21H24N8O2/c1-3-20(30)23-15-5-4-6-16(13-15)31-21-25-18(24-17-7-8-22-27-17)14-19(26-21)29-11-9-28(2)10-12-29/h3-8,13-14H,1,9-12H2,2H3,(H,23,30)(H2,22,24,25,26,27)"
CHEMBL3604934,10000.0,5.0,CCC(=O)Nc1cccc(Oc2nc(Nc3cc[nH]n3)cc(N3CCN(C)CC3)n2)c1,"InChI=1S/C21H26N8O2/c1-3-20(30)23-15-5-4-6-16(13-15)31-21-25-18(24-17-7-8-22-27-17)14-19(26-21)29-11-9-28(2)10-12-29/h4-8,13-14H,3,9-12H2,1-2H3,(H,23,30)(H2,22,24,25,26,27)"
CHEMBL3604935,1800.0,5.7447274948966935,Cc1cc(Nc2cc(N3CCN(C)CC3)nc(Oc3ccc(NC(=O)/C=C/CN(C)C)cc3)n2)n[nH]1,"InChI=1S/C25H33N9O2/c1-18-16-22(31-30-18)27-21-17-23(34-14-12-33(4)13-15-34)29-25(28-21)36-20-9-7-19(8-10-20)26-24(35)6-5-11-32(2)3/h5-10,16-17H,11-15H2,1-4H3,(H,26,35)(H2,27,28,29,30,31)"
CHEMBL3604936,2100.0,5.6777807052660805,Cc1cc(Nc2cc(N3CCN(C)CC3)nc(Oc3ccc(NC(=O)/C=C/C(F)(F)F)cc3)n2)n[nH]1,"InChI=1S/C23H25F3N8O2/c1-15-13-19(32-31-15)28-18-14-20(34-11-9-33(2)10-12-34)30-22(29-18)36-17-5-3-16(4-6-17)27-21(35)7-8-23(24,25)26/h3-8,13-14H,9-12H2,1-2H3,(H,27,35)(H2,28,29,30,31,32)"
CHEMBL3604937,500.0,6.301029995663981,C=CC(=O)Nc1cccc(Oc2nc(Nc3n[nH]c4ccccc34)cc(N3CCN(C)CC3)n2)c1,"InChI=1S/C25H26N8O2/c1-3-23(34)26-17-7-6-8-18(15-17)35-25-28-21(16-22(29-25)33-13-11-32(2)12-14-33)27-24-19-9-4-5-10-20(19)30-31-24/h3-10,15-16H,1,11-14H2,2H3,(H,26,34)(H2,27,28,29,30,31)"
CHEMBL3604938,10000.0,5.0,CCC(=O)Nc1cccc(Oc2nc(Nc3n[nH]c4ccccc34)cc(N3CCN(C)CC3)n2)c1,"InChI=1S/C25H28N8O2/c1-3-23(34)26-17-7-6-8-18(15-17)35-25-28-21(16-22(29-25)33-13-11-32(2)12-14-33)27-24-19-9-4-5-10-20(19)30-31-24/h4-10,15-16H,3,11-14H2,1-2H3,(H,26,34)(H2,27,28,29,30,31)"
CHEMBL3604939,3600.0,5.443697499232712,CN(C)C/C=C/C(=O)Nc1cccc(Oc2nc(Nc3n[nH]c4ccccc34)cc(N3CCN(C)CC3)n2)c1,"InChI=1S/C28H33N9O2/c1-35(2)13-7-12-26(38)29-20-8-6-9-21(18-20)39-28-31-24(19-25(32-28)37-16-14-36(3)15-17-37)30-27-22-10-4-5-11-23(22)33-34-27/h4-12,18-19H,13-17H2,1-3H3,(H,29,38)(H2,30,31,32,33,34)"
CHEMBL3604940,400.0,6.3979400086720375,C=CC(=O)Nc1cccc(Oc2nc(Nc3n[nH]c4ccc(Br)cc34)cc(N3CCN(C)CC3)n2)c1,"InChI=1S/C25H25BrN8O2/c1-3-23(35)27-17-5-4-6-18(14-17)36-25-29-21(15-22(30-25)34-11-9-33(2)10-12-34)28-24-19-13-16(26)7-8-20(19)31-32-24/h3-8,13-15H,1,9-12H2,2H3,(H,27,35)(H2,28,29,30,31,32)"
CHEMBL3604941,600.0,6.221848749616356,C=CC(=O)Nc1cccc(Oc2nc(Nc3n[nH]c4ccccc34)cc(N3CCN(C(C)=O)CC3)n2)c1,"InChI=1S/C26H26N8O3/c1-3-24(36)27-18-7-6-8-19(15-18)37-26-29-22(28-25-20-9-4-5-10-21(20)31-32-25)16-23(30-26)34-13-11-33(12-14-34)17(2)35/h3-10,15-16H,1,11-14H2,2H3,(H,27,36)(H2,28,29,30,31,32)"
CHEMBL3604942,4900.0,5.309803919971486,C=CC(=O)Nc1cccc(-c2nc(Nc3n[nH]c4ccccc34)cc(N3CCN(C)CC3)n2)c1,"InChI=1S/C25H26N8O/c1-3-23(34)26-18-8-6-7-17(15-18)24-27-21(16-22(29-24)33-13-11-32(2)12-14-33)28-25-19-9-4-5-10-20(19)30-31-25/h3-10,15-16H,1,11-14H2,2H3,(H,26,34)(H2,27,28,29,30,31)"
CHEMBL3604943,1.0,9.0,C=CC(=O)Nc1cc(Nc2nccc(-c3cn(C)c4ccccc34)n2)c(OC)cc1N1CCN(C)CC1,"InChI=1S/C28H31N7O2/c1-5-27(36)30-22-16-23(26(37-4)17-25(22)35-14-12-33(2)13-15-35)32-28-29-11-10-21(31-28)20-18-34(3)24-9-7-6-8-19(20)24/h5-11,16-18H,1,12-15H2,2-4H3,(H,30,36)(H,29,31,32)"
CHEMBL3608429,178.0,6.749579997691106,C=CC(=O)N[C@@H]1CN(c2nc(Nc3cnn(C)c3)c3ncn(C(C)C)c3n2)C[C@H]1F,"InChI=1S/C19H24FN9O/c1-5-15(30)24-14-9-28(8-13(14)20)19-25-17(23-12-6-22-27(4)7-12)16-18(26-19)29(10-21-16)11(2)3/h5-7,10-11,13-14H,1,8-9H2,2-4H3,(H,24,30)(H,23,25,26)"
CHEMBL3608432,1450.0,5.838631997765025,C=CC(=O)N[C@@H]1CN(c2nc(Nc3cn(C)nc3C)c3ncn(C(C)C)c3n2)C[C@H]1F,"InChI=1S/C20H26FN9O/c1-6-16(31)23-15-9-29(7-13(15)21)20-25-18(24-14-8-28(5)27-12(14)4)17-19(26-20)30(10-22-17)11(2)3/h6,8,10-11,13,15H,1,7,9H2,2-5H3,(H,23,31)(H,24,25,26)"
CHEMBL3633143,329.7,6.481881052856847,C=CC(=O)Nc1cccc(-n2c(=O)cc(C)c3cnc(Nc4ccc(N5CCN(C)CC5)cc4OC)nc32)c1,"InChI=1S/C29H31N7O3/c1-5-26(37)31-20-7-6-8-22(16-20)36-27(38)15-19(2)23-18-30-29(33-28(23)36)32-24-10-9-21(17-25(24)39-4)35-13-11-34(3)12-14-35/h5-10,15-18H,1,11-14H2,2-4H3,(H,31,37)(H,30,32,33)"
CHEMBL3786098,5100.0,5.292429823902063,C=CC(=O)N1C[C@H](COc2nc(Nc3cnn(C)c3)nc3[nH]cc(Cl)c23)[C@@H](OC)C1,"InChI=1S/C19H22ClN7O3/c1-4-15(28)27-7-11(14(9-27)29-3)10-30-18-16-13(20)6-21-17(16)24-19(25-18)23-12-5-22-26(2)8-12/h4-6,8,11,14H,1,7,9-10H2,2-3H3,(H2,21,23,24,25)"
CHEMBL3883534,6.0,8.221848749616356,C=CC(=O)Nc1cc2c(Nc3ccc(F)c(Cl)c3)ncnc2cc1OC,"InChI=1S/C18H14ClFN4O2/c1-3-17(25)24-15-7-11-14(8-16(15)26-2)21-9-22-18(11)23-10-4-5-13(20)12(19)6-10/h3-9H,1H2,2H3,(H,24,25)(H,21,22,23)"
CHEMBL3989970,307.0,6.512861624522813,C=CC(=O)N[C@@H]1CN(c2nc(Nc3cn(C)nc3OC)c3ncn(C)c3n2)C[C@H]1F,"InChI=1S/C18H22FN9O2/c1-5-13(29)21-11-8-28(6-10(11)19)18-23-15(14-16(24-18)26(2)9-20-14)22-12-7-27(3)25-17(12)30-4/h5,7,9-11H,1,6,8H2,2-4H3,(H,21,29)(H,22,23,24)"
CHEMBL4063421,549.6,6.259953275948506,C=CC(=O)Nc1cccc(-n2c(=O)cc(C)c3cnc(Nc4nc5c(s4)CN(C)CC5)nc32)c1,"InChI=1S/C24H23N7O2S/c1-4-20(32)26-15-6-5-7-16(11-15)31-21(33)10-14(2)17-12-25-23(28-22(17)31)29-24-27-18-8-9-30(3)13-19(18)34-24/h4-7,10-12H,1,8-9,13H2,2-3H3,(H,26,32)(H,25,27,28,29)"
CHEMBL4064475,166.2,6.779368980551908,C=CC(=O)Nc1cccc(-n2c(=O)cc(C)c3cnc(Nc4cnn(C5CCN(C)CC5)c4)nc32)c1,"InChI=1S/C26H28N8O2/c1-4-23(35)29-18-6-5-7-21(13-18)34-24(36)12-17(2)22-15-27-26(31-25(22)34)30-19-14-28-33(16-19)20-8-10-32(3)11-9-20/h4-7,12-16,20H,1,8-11H2,2-3H3,(H,29,35)(H,27,30,31)"
CHEMBL4072048,97.0,7.013228265733755,C=CC(=O)Nc1cccc(-n2c(=O)cc(C)c3cnc(Nc4ccc(N5CC(C)N(C)C(C)C5)cc4OC)nc32)c1,"InChI=1S/C31H35N7O3/c1-7-28(39)33-22-9-8-10-24(14-22)38-29(40)13-19(2)25-16-32-31(35-30(25)38)34-26-12-11-23(15-27(26)41-6)37-17-20(3)36(5)21(4)18-37/h7-16,20-21H,1,17-18H2,2-6H3,(H,33,39)(H,32,34,35)"
CHEMBL4073062,1000.0,6.0,C=CC(=O)N1CC[C@@H](n2c(=O)cc(C)c3cnc(Nc4ccc(N5CCN(C)CC5)cc4OC)nc32)C1,"InChI=1S/C27H33N7O3/c1-5-24(35)33-9-8-20(17-33)34-25(36)14-18(2)21-16-28-27(30-26(21)34)29-22-7-6-19(15-23(22)37-4)32-12-10-31(3)11-13-32/h5-7,14-16,20H,1,8-13,17H2,2-4H3,(H,28,29,30)"
CHEMBL4082515,444.7,6.351932870551066,C=CC(=O)Nc1cccc(-n2c(=O)cc(C)c3cnc(Nc4cnn(CCN(C)C)c4)nc32)c1,"InChI=1S/C24H26N8O2/c1-5-21(33)27-17-7-6-8-19(12-17)32-22(34)11-16(2)20-14-25-24(29-23(20)32)28-18-13-26-31(15-18)10-9-30(3)4/h5-8,11-15H,1,9-10H2,2-4H3,(H,27,33)(H,25,28,29)"
CHEMBL4086000,46.8,7.329754146925876,C=CC(=O)Nc1cccc(-n2c(=O)cc(C)c3cnc(Nc4ccc(N5CCN(C)CC5)nc4)nc32)c1,"InChI=1S/C27H28N8O2/c1-4-24(36)30-19-6-5-7-21(15-19)35-25(37)14-18(2)22-17-29-27(32-26(22)35)31-20-8-9-23(28-16-20)34-12-10-33(3)11-13-34/h4-9,14-17H,1,10-13H2,2-3H3,(H,30,36)(H,29,31,32)"
CHEMBL4091276,169.2,6.771599641296995,C=CC(=O)Nc1cccc(-n2c(=O)cc(C)c3cnc(Nc4ccc(N5CCN(C)C(C)C5)cc4OC)nc32)c1,"InChI=1S/C30H33N7O3/c1-6-27(38)32-21-8-7-9-23(15-21)37-28(39)14-19(2)24-17-31-30(34-29(24)37)33-25-11-10-22(16-26(25)40-5)36-13-12-35(4)20(3)18-36/h6-11,14-17,20H,1,12-13,18H2,2-5H3,(H,32,38)(H,31,33,34)"
CHEMBL4093766,1000.0,6.0,C=CC(=O)N1CC[C@H](n2c(=O)cc(C)c3cnc(Nc4ccc(N5CCN(C)CC5)cc4OC)nc32)C1,"InChI=1S/C27H33N7O3/c1-5-24(35)33-9-8-20(17-33)34-25(36)14-18(2)21-16-28-27(30-26(21)34)29-22-7-6-19(15-23(22)37-4)32-12-10-31(3)11-13-32/h5-7,14-16,20H,1,8-13,17H2,2-4H3,(H,28,29,30)"
CHEMBL4099008,1000.0,6.0,C=CC(=O)N1CCC(Cn2c(=O)cc(C)c3cnc(Nc4ccc(N5CCN(C)CC5)cc4OC)nc32)C1,"InChI=1S/C28H35N7O3/c1-5-25(36)34-9-8-20(17-34)18-35-26(37)14-19(2)22-16-29-28(31-27(22)35)30-23-7-6-21(15-24(23)38-4)33-12-10-32(3)11-13-33/h5-7,14-16,20H,1,8-13,17-18H2,2-4H3,(H,29,30,31)"
CHEMBL4101484,1000.0,6.0,C=CC(=O)N1CCC(n2c(=O)cc(C)c3cnc(Nc4ccc(N5CCN(C)CC5)cc4OC)nc32)CC1,"InChI=1S/C28H35N7O3/c1-5-25(36)34-10-8-20(9-11-34)35-26(37)16-19(2)22-18-29-28(31-27(22)35)30-23-7-6-21(17-24(23)38-4)33-14-12-32(3)13-15-33/h5-7,16-18,20H,1,8-15H2,2-4H3,(H,29,30,31)"
CHEMBL4204566,10000.0,5.0,C=CC(=O)N[C@H]1CN(c2nc(Nc3cnn(C)c3)c3ncn(C(C)C)c3n2)C[C@@H]1F,"InChI=1S/C19H24FN9O/c1-5-15(30)24-14-9-28(8-13(14)20)19-25-17(23-12-6-22-27(4)7-12)16-18(26-19)29(10-21-16)11(2)3/h5-7,10-11,13-14H,1,8-9H2,2-4H3,(H,24,30)(H,23,25,26)"
CHEMBL4205392,83.0,7.080921907623926,C=CC(=O)N[C@@H]1CN(c2nc(Nc3cn(C)nc3OC)c3ncn(CC)c3n2)C[C@H]1F,"InChI=1S/C19H24FN9O2/c1-5-14(30)22-12-9-29(7-11(12)20)19-24-16(15-17(25-19)28(6-2)10-21-15)23-13-8-27(3)26-18(13)31-4/h5,8,10-12H,1,6-7,9H2,2-4H3,(H,22,30)(H,23,24,25)"
CHEMBL4206312,29.0,7.5376020021010435,C=CC(=O)N1CC[C@@H](Nc2nc(Nc3ccc(N4CCN(C)CC4)cc3)c3ncn(C(C)C)c3n2)C1,"InChI=1S/C26H35N9O/c1-5-22(36)34-11-10-20(16-34)29-26-30-24(23-25(31-26)35(17-27-23)18(2)3)28-19-6-8-21(9-7-19)33-14-12-32(4)13-15-33/h5-9,17-18,20H,1,10-16H2,2-4H3,(H2,28,29,30,31)"
CHEMBL4206501,152.0,6.818156412055227,C=CC(=O)Nc1cc(Nc2ccnc(-c3cn(C)c4ccccc34)n2)c(OC)cc1N(C)CCN(C)C,"InChI=1S/C28H33N7O2/c1-7-27(36)31-21-16-22(25(37-6)17-24(21)34(4)15-14-33(2)3)30-26-12-13-29-28(32-26)20-18-35(5)23-11-9-8-10-19(20)23/h7-13,16-18H,1,14-15H2,2-6H3,(H,31,36)(H,29,30,32)"
CHEMBL4207951,805.0,6.094204119632131,C=CC(=O)N1C[C@@H]2CN(c3nc(Nc4cnn(C)c4)c4ncn(C(C)C)c4n3)C[C@@H]2C1,"InChI=1S/C21H27N9O/c1-5-17(31)28-7-14-9-29(10-15(14)8-28)21-25-19(24-16-6-23-27(4)11-16)18-20(26-21)30(12-22-18)13(2)3/h5-6,11-15H,1,7-10H2,2-4H3,(H,24,25,26)"
CHEMBL4208829,673.0,6.171984935776023,C=CC(=O)N[C@@H]1CN(c2nc(Nc3cn(C)nc3OC)c3ncn(C(C)(C)C)c3n2)C[C@H]1F,"InChI=1S/C21H28FN9O2/c1-7-15(32)24-13-10-30(8-12(13)22)20-26-17(25-14-9-29(5)28-19(14)33-6)16-18(27-20)31(11-23-16)21(2,3)4/h7,9,11-13H,1,8,10H2,2-6H3,(H,24,32)(H,25,26,27)"
CHEMBL4212326,652.0,6.185752404268079,C=CC(=O)N[C@H]1CCN(c2nc(Nc3cnn(C)c3)c3ncn(C(C)C)c3n2)C1,"InChI=1S/C19H25N9O/c1-5-15(29)22-13-6-7-27(10-13)19-24-17(23-14-8-21-26(4)9-14)16-18(25-19)28(11-20-16)12(2)3/h5,8-9,11-13H,1,6-7,10H2,2-4H3,(H,22,29)(H,23,24,25)"
CHEMBL4213400,78.0,7.107905397309519,CC(C)C(CO)Nc1nc(Nc2ccc(N3CCNCC3)cc2)c2ncn(C(C)C)c2n1,"InChI=1S/C23H34N8O/c1-15(2)19(13-32)27-23-28-21(20-22(29-23)31(14-25-20)16(3)4)26-17-5-7-18(8-6-17)30-11-9-24-10-12-30/h5-8,14-16,19,24,32H,9-13H2,1-4H3,(H2,26,27,28,29)"
CHEMBL4213609,750.0,6.1249387366083,C=CC(=O)N[C@@H]1CN(c2nc(Nc3cn(C)nc3OC)c3nc[nH]c3n2)C[C@H]1F,"InChI=1S/C17H20FN9O2/c1-4-12(28)21-10-7-27(5-9(10)18)17-23-14-13(19-8-20-14)15(24-17)22-11-6-26(2)25-16(11)29-3/h4,6,8-10H,1,5,7H2,2-3H3,(H,21,28)(H2,19,20,22,23,24)"
CHEMBL4213741,280.0,6.552841968657781,C=CC(=O)N1CC[C@H](Nc2nc(Nc3ccc(N4CCN(C)CC4)cc3)c3ncn(C(C)C)c3n2)C1,"InChI=1S/C26H35N9O/c1-5-22(36)34-11-10-20(16-34)29-26-30-24(23-25(31-26)35(17-27-23)18(2)3)28-19-6-8-21(9-7-19)33-14-12-32(4)13-15-33/h5-9,17-18,20H,1,10-16H2,2-4H3,(H2,28,29,30,31)"
CHEMBL4216679,160.0,6.795880017344075,C=CC(=O)N[C@@H]1CN(c2nc(Nc3cn(C)nc3OC)c3ncn(C(C)C)c3n2)C[C@H]1F,"InChI=1S/C20H26FN9O2/c1-6-15(31)23-13-9-29(7-12(13)21)20-25-17(24-14-8-28(4)27-19(14)32-5)16-18(26-20)30(10-22-16)11(2)3/h6,8,10-13H,1,7,9H2,2-5H3,(H,23,31)(H,24,25,26)"
CHEMBL4218154,649.0,6.187755303199631,C=CC(=O)N[C@@H]1CN(c2nc(Nc3cn(C)nc3CC)c3ncn(C(C)C)c3n2)C[C@H]1F,"InChI=1S/C21H28FN9O/c1-6-14-16(9-29(5)28-14)25-19-18-20(31(11-23-18)12(3)4)27-21(26-19)30-8-13(22)15(10-30)24-17(32)7-2/h7,9,11-13,15H,2,6,8,10H2,1,3-5H3,(H,24,32)(H,25,26,27)"
CHEMBL4558324,2.7,8.568636235841012,C=CC(=O)Nc1cc(Nc2nccc(-n3cc(CN(C)C)c(-c4ccccc4)n3)n2)c(OC)cc1N1CCOCC1,"InChI=1S/C30H34N8O3/c1-5-28(39)32-23-17-24(26(40-4)18-25(23)37-13-15-41-16-14-37)33-30-31-12-11-27(34-30)38-20-22(19-36(2)3)29(35-38)21-9-7-6-8-10-21/h5-12,17-18,20H,1,13-16,19H2,2-4H3,(H,32,39)(H,31,33,34)"
CHEMBL4753387,111.6,6.95233580539844,C=CC(=O)Nc1cc(Nc2cc(-n3c(SC)nnc3-c3ccc(F)cc3)ccn2)c(OC)cc1N1CCC(N2CCOCC2)CC1,"InChI=1S/C33H37FN8O3S/c1-4-31(43)37-26-20-27(29(44-2)21-28(26)41-13-10-24(11-14-41)40-15-17-45-18-16-40)36-30-19-25(9-12-35-30)42-32(38-39-33(42)46-3)22-5-7-23(34)8-6-22/h4-9,12,19-21,24H,1,10-11,13-18H2,2-3H3,(H,35,36)(H,37,43)"
CHEMBL4778502,146.9,6.832978204209743,C=CC(=O)Nc1ccc(OC)c(Nc2cc(-n3c(SC)nnc3-c3ccc(F)cc3)ccn2)c1,"InChI=1S/C24H21FN6O2S/c1-4-22(32)27-17-9-10-20(33-2)19(13-17)28-21-14-18(11-12-26-21)31-23(29-30-24(31)34-3)15-5-7-16(25)8-6-15/h4-14H,1H2,2-3H3,(H,26,28)(H,27,32)"
CHEMBL4786701,155.7,6.80771138743188,C=CC(=O)Nc1cc(Nc2cc(-n3c(SC)nnc3-c3ccc(F)cc3)ccn2)c(OC)cc1N1CCCN(C)CC1,"InChI=1S/C30H33FN8O2S/c1-5-28(40)34-23-18-24(26(41-3)19-25(23)38-14-6-13-37(2)15-16-38)33-27-17-22(11-12-32-27)39-29(35-36-30(39)42-4)20-7-9-21(31)10-8-20/h5,7-12,17-19H,1,6,13-16H2,2-4H3,(H,32,33)(H,34,40)"
CHEMBL4787536,234.4,6.630042392653947,C=CC(=O)Nc1cccc(Nc2cc(-n3c(SC)nnc3-c3ccc(F)cc3)ccn2)c1,"InChI=1S/C23H19FN6OS/c1-3-21(31)27-18-6-4-5-17(13-18)26-20-14-19(11-12-25-20)30-22(28-29-23(30)32-2)15-7-9-16(24)10-8-15/h3-14H,1H2,2H3,(H,25,26)(H,27,31)"
CHEMBL4788364,143.4,6.843450848668218,C=CC(=O)Nc1cccc(Nc2cc(-n3c(CCCO)nnc3-c3ccc(F)cc3)ccn2)c1,"InChI=1S/C25H23FN6O2/c1-2-24(34)29-20-6-3-5-19(15-20)28-22-16-21(12-13-27-22)32-23(7-4-14-33)30-31-25(32)17-8-10-18(26)11-9-17/h2-3,5-6,8-13,15-16,33H,1,4,7,14H2,(H,27,28)(H,29,34)"
CHEMBL4796010,0.68,9.167491087293763,C=CC(=O)Nc1cc(Nc2nccc(-c3cn(C4CC4)c4ccccc34)n2)c(OC)cc1[S+]([O-])CCN(C)C,"InChI=1S/C29H32N6O3S/c1-5-28(36)31-24-16-23(26(38-4)17-27(24)39(37)15-14-34(2)3)33-29-30-13-12-22(32-29)21-18-35(19-10-11-19)25-9-7-6-8-20(21)25/h5-9,12-13,16-19H,1,10-11,14-15H2,2-4H3,(H,31,36)(H,30,32,33)"
CHEMBL4798177,43.1,7.365522729839268,C=CC(=O)Nc1cc(Nc2cc(-n3c(SC)nnc3-c3ccc(F)cc3)ccn2)c(OC)cc1N(C)CCN(C)C,"InChI=1S/C29H33FN8O2S/c1-7-27(39)33-22-17-23(25(40-5)18-24(22)37(4)15-14-36(2)3)32-26-16-21(12-13-31-26)38-28(34-35-29(38)41-6)19-8-10-20(30)11-9-19/h7-13,16-18H,1,14-15H2,2-6H3,(H,31,32)(H,33,39)"
CHEMBL4798480,212.7,6.672232510097271,C=CC(=O)Nc1cc(Nc2cc(-n3c(SC)nnc3-c3ccc(F)cc3)ccn2)ccc1N(C)CCN(C)C,"InChI=1S/C28H31FN8OS/c1-6-26(38)32-23-17-21(11-12-24(23)36(4)16-15-35(2)3)31-25-18-22(13-14-30-25)37-27(33-34-28(37)39-5)19-7-9-20(29)10-8-19/h6-14,17-18H,1,15-16H2,2-5H3,(H,30,31)(H,32,38)"
CHEMBL5206715,2.0,8.698970004336019,CCc1cc(Nc2ncc(Br)c(Nc3ccc4nccnc4c3P(C)(C)=O)n2)c(OC)cc1N1CCC(N2CCN(CCS(C)(=O)=O)CC2)CC1,"InChI=1S/C35H47BrN9O4PS/c1-6-24-21-29(31(49-2)22-30(24)45-13-9-25(10-14-45)44-17-15-43(16-18-44)19-20-51(5,47)48)41-35-39-23-26(36)34(42-35)40-28-8-7-27-32(38-12-11-37-27)33(28)50(3,4)46/h7-8,11-12,21-23,25H,6,9-10,13-20H2,1-5H3,(H2,39,40,41,42)"
CHEMBL5394139,3.0,8.522878745280337,C=CC(=O)Nc1cccc(-c2c(-c3ccccc3)oc3ncnc(NC4CC4)c23)c1,"InChI=1S/C24H20N4O2/c1-2-19(29)27-18-10-6-9-16(13-18)20-21-23(28-17-11-12-17)25-14-26-24(21)30-22(20)15-7-4-3-5-8-15/h2-10,13-14,17H,1,11-12H2,(H,27,29)(H,25,26,28)"
CHEMBL5400012,32.0,7.494850021680094,C=CC(=O)Nc1cccc(-c2c(-c3ccc(N4CCOCC4)nc3)oc3ncnc(NC4CCCC4)c23)c1,"InChI=1S/C29H30N6O3/c1-2-24(36)33-22-9-5-6-19(16-22)25-26-28(34-21-7-3-4-8-21)31-18-32-29(26)38-27(25)20-10-11-23(30-17-20)35-12-14-37-15-13-35/h2,5-6,9-11,16-18,21H,1,3-4,7-8,12-15H2,(H,33,36)(H,31,32,34)"
CHEMBL5406494,14.0,7.853871964321762,C=CC(=O)Nc1cccc(-c2c(-c3ccc(N(C)C)cc3)oc3ncnc(NCCO)c23)c1,"InChI=1S/C25H25N5O3/c1-4-20(32)29-18-7-5-6-17(14-18)21-22-24(26-12-13-31)27-15-28-25(22)33-23(21)16-8-10-19(11-9-16)30(2)3/h4-11,14-15,31H,1,12-13H2,2-3H3,(H,29,32)(H,26,27,28)"
CHEMBL5406792,6.0,8.221848749616356,C=CC(=O)Nc1cccc(-c2c(-c3ccc(N4CCN(C)CC4)cc3)oc3ncnc(NC)c23)c1,"InChI=1S/C27H28N6O2/c1-4-22(34)31-20-7-5-6-19(16-20)23-24-26(28-2)29-17-30-27(24)35-25(23)18-8-10-21(11-9-18)33-14-12-32(3)13-15-33/h4-11,16-17H,1,12-15H2,2-3H3,(H,31,34)(H,28,29,30)"
CHEMBL5409123,7.0,8.154901959985743,C=CC(=O)Nc1cccc(-c2c(-c3ccc(N(C)CCN(C)C)cc3)oc3ncnc(NCCO)c23)c1,"InChI=1S/C28H32N6O3/c1-5-23(36)32-21-8-6-7-20(17-21)24-25-27(29-13-16-35)30-18-31-28(25)37-26(24)19-9-11-22(12-10-19)34(4)15-14-33(2)3/h5-12,17-18,35H,1,13-16H2,2-4H3,(H,32,36)(H,29,30,31)"
CHEMBL5417638,52.0,7.2839966563652,C=CC(=O)Nc1cccc(-c2c(-c3ccccc3)oc3ncnc(NC4CCCCC4)c23)c1,"InChI=1S/C27H26N4O2/c1-2-22(32)30-21-15-9-12-19(16-21)23-24-26(31-20-13-7-4-8-14-20)28-17-29-27(24)33-25(23)18-10-5-3-6-11-18/h2-3,5-6,9-12,15-17,20H,1,4,7-8,13-14H2,(H,30,32)(H,28,29,31)"
CHEMBL5422135,2.0,8.698970004336019,C=CC(=O)Nc1cccc(-c2c(-c3ccc(N4CCN(C)CC4)cc3)oc3ncnc(N[C@H](CO)c4ccccc4)c23)c1,"InChI=1S/C34H34N6O3/c1-3-29(42)37-26-11-7-10-25(20-26)30-31-33(38-28(21-41)23-8-5-4-6-9-23)35-22-36-34(31)43-32(30)24-12-14-27(15-13-24)40-18-16-39(2)17-19-40/h3-15,20,22,28,41H,1,16-19,21H2,2H3,(H,37,42)(H,35,36,38)"
CHEMBL5423938,23.0,7.638272163982407,C=CC(=O)Nc1cccc(-c2c(-c3ccccc3)oc3ncnc(NC4CCC4)c23)c1,"InChI=1S/C25H22N4O2/c1-2-20(30)28-19-13-6-10-17(14-19)21-22-24(29-18-11-7-12-18)26-15-27-25(22)31-23(21)16-8-4-3-5-9-16/h2-6,8-10,13-15,18H,1,7,11-12H2,(H,28,30)(H,26,27,29)"
CHEMBL5427116,124.0,6.906578314837765,CN(C)C/C=C/C(=O)Nc1cccc(-c2c(-c3ccccc3)oc3ncnc(NC4CCCC4)c23)c1,"InChI=1S/C29H31N5O2/c1-34(2)17-9-16-24(35)32-23-15-8-12-21(18-23)25-26-28(33-22-13-6-7-14-22)30-19-31-29(26)36-27(25)20-10-4-3-5-11-20/h3-5,8-12,15-16,18-19,22H,6-7,13-14,17H2,1-2H3,(H,32,35)(H,30,31,33)"
CHEMBL5428368,14.0,7.853871964321762,C=CC(=O)Nc1cccc(-c2c(-c3ccc(N4CCOCC4)cc3)oc3ncnc(NC4CCCC4)c23)c1,"InChI=1S/C30H31N5O3/c1-2-25(36)33-23-9-5-6-21(18-23)26-27-29(34-22-7-3-4-8-22)31-19-32-30(27)38-28(26)20-10-12-24(13-11-20)35-14-16-37-17-15-35/h2,5-6,9-13,18-19,22H,1,3-4,7-8,14-17H2,(H,33,36)(H,31,32,34)"
CHEMBL5429838,19.0,7.721246399047171,C=CC(=O)Nc1cccc(-c2c(-c3ccncc3)oc3ncnc(NC4CCCC4)c23)c1,"InChI=1S/C25H23N5O2/c1-2-20(31)29-19-9-5-6-17(14-19)21-22-24(30-18-7-3-4-8-18)27-15-28-25(22)32-23(21)16-10-12-26-13-11-16/h2,5-6,9-15,18H,1,3-4,7-8H2,(H,29,31)(H,27,28,30)"
CHEMBL5430958,7.0,8.154901959985743,C=CC(=O)Nc1cccc(-c2c(-c3ccc(N4CCN(C)CC4)cc3)oc3ncnc(NCCO)c23)c1,"InChI=1S/C28H30N6O3/c1-3-23(36)32-21-6-4-5-20(17-21)24-25-27(29-11-16-35)30-18-31-28(25)37-26(24)19-7-9-22(10-8-19)34-14-12-33(2)13-15-34/h3-10,17-18,35H,1,11-16H2,2H3,(H,32,36)(H,29,30,31)"
CHEMBL5432716,8.0,8.096910013008056,C=CC(=O)Nc1cc(-c2c(-c3ccccc3)oc3ncnc(NC4CCCC4)c23)ccc1N1CCOCC1,"InChI=1S/C30H31N5O3/c1-2-25(36)34-23-18-21(12-13-24(23)35-14-16-37-17-15-35)26-27-29(33-22-10-6-7-11-22)31-19-32-30(27)38-28(26)20-8-4-3-5-9-20/h2-5,8-9,12-13,18-19,22H,1,6-7,10-11,14-17H2,(H,34,36)(H,31,32,33)"
CHEMBL5435463,2.0,8.698970004336019,C=CC(=O)Nc1cccc(-c2c(-c3ccc(N4CCOCC4)cc3)oc3ncnc(NCCO)c23)c1,"InChI=1S/C27H27N5O4/c1-2-22(34)31-20-5-3-4-19(16-20)23-24-26(28-10-13-33)29-17-30-27(24)36-25(23)18-6-8-21(9-7-18)32-11-14-35-15-12-32/h2-9,16-17,33H,1,10-15H2,(H,31,34)(H,28,29,30)"
CHEMBL5436057,304.0,6.517126416391246,CN(C)C/C=C/C(=O)Nc1cccc(-c2c(-c3ccccc3)oc3ncnc(NCCO)c23)c1,"InChI=1S/C26H27N5O3/c1-31(2)14-7-12-21(33)30-20-11-6-10-19(16-20)22-23-25(27-13-15-32)28-17-29-26(23)34-24(22)18-8-4-3-5-9-18/h3-12,16-17,32H,13-15H2,1-2H3,(H,30,33)(H,27,28,29)"
CHEMBL5436101,65.0,7.187086643357144,C=CC(=O)Nc1cccc(-c2c(-c3ccccc3)oc3ncnc(NC(C)C)c23)c1,"InChI=1S/C24H22N4O2/c1-4-19(29)28-18-12-8-11-17(13-18)20-21-23(27-15(2)3)25-14-26-24(21)30-22(20)16-9-6-5-7-10-16/h4-15H,1H2,2-3H3,(H,28,29)(H,25,26,27)"
CHEMBL5437181,41.0,7.387216143280264,C=CC(=O)Nc1cccc(-c2c(-c3ccccc3)oc3ncnc(NC4CCCC4)c23)c1,"InChI=1S/C26H24N4O2/c1-2-21(31)29-20-14-8-11-18(15-20)22-23-25(30-19-12-6-7-13-19)27-16-28-26(23)32-24(22)17-9-4-3-5-10-17/h2-5,8-11,14-16,19H,1,6-7,12-13H2,(H,29,31)(H,27,28,30)"
CHEMBL5437343,6.0,8.221848749616356,C=CC(=O)Nc1cccc(-c2c(-c3ccc(N4CCN(C)CC4)cc3)oc3ncnc(NC4CCCCC4)c23)c1,"InChI=1S/C32H36N6O2/c1-3-27(39)35-25-11-7-8-23(20-25)28-29-31(36-24-9-5-4-6-10-24)33-21-34-32(29)40-30(28)22-12-14-26(15-13-22)38-18-16-37(2)17-19-38/h3,7-8,11-15,20-21,24H,1,4-6,9-10,16-19H2,2H3,(H,35,39)(H,33,34,36)"
CHEMBL5440626,2.0,8.698970004336019,C=CC(=O)Nc1cccc(-c2c(-c3ccc(N4CCN(C)CC4)cc3)oc3ncnc(NC4CCCC4)c23)c1,"InChI=1S/C31H34N6O2/c1-3-26(38)34-24-10-6-7-22(19-24)27-28-30(35-23-8-4-5-9-23)32-20-33-31(28)39-29(27)21-11-13-25(14-12-21)37-17-15-36(2)16-18-37/h3,6-7,10-14,19-20,23H,1,4-5,8-9,15-18H2,2H3,(H,34,38)(H,32,33,35)"
CHEMBL5441041,13.0,7.886056647693163,C=CC(=O)Nc1cccc(-c2c(-c3ccc(N4CCN(C)CC4)nc3)oc3ncnc(NC4CCCC4)c23)c1,"InChI=1S/C30H33N7O2/c1-3-25(38)34-23-10-6-7-20(17-23)26-27-29(35-22-8-4-5-9-22)32-19-33-30(27)39-28(26)21-11-12-24(31-18-21)37-15-13-36(2)14-16-37/h3,6-7,10-12,17-19,22H,1,4-5,8-9,13-16H2,2H3,(H,34,38)(H,32,33,35)"
CHEMBL553,30.25,7.519274621011513,C#Cc1cccc(Nc2ncnc3cc(OCCOC)c(OCCOC)cc23)c1,"InChI=1S/C22H23N3O4/c1-4-16-6-5-7-17(12-16)25-22-18-13-20(28-10-8-26-2)21(29-11-9-27-3)14-19(18)23-15-24-22/h1,5-7,12-15H,8-11H2,2-3H3,(H,23,24,25)"
CHEMBL554,2031.5,5.692183173337569,CS(=O)(=O)CCNCc1ccc(-c2ccc3ncnc(Nc4ccc(OCc5cccc(F)c5)c(Cl)c4)c3c2)o1,"InChI=1S/C29H26ClFN4O4S/c1-40(36,37)12-11-32-16-23-7-10-27(39-23)20-5-8-26-24(14-20)29(34-18-33-26)35-22-6-9-28(25(30)15-22)38-17-19-3-2-4-21(31)13-19/h2-10,13-15,18,32H,11-12,16-17H2,1H3,(H,33,34,35)"
CHEMBL6103174,76.7,7.115204636051019,O=C(/C=C/c1ccccc1)Nc1cccc(Nc2nc(Nc3ccc4[nH]c(=O)oc4c3)ncc2Cl)c1,"InChI=1S/C26H19ClN6O3/c27-20-15-28-25(31-19-10-11-21-22(14-19)36-26(35)32-21)33-24(20)30-18-8-4-7-17(13-18)29-23(34)12-9-16-5-2-1-3-6-16/h1-15H,(H,29,34)(H,32,35)(H2,28,30,31,33)"
CHEMBL6134398,44.8,7.348721986001856,Cn1cc(Nc2ncc(Cl)c(Nc3cccc(NC(=O)/C=C/c4ccccc4)c3)n2)cn1,"InChI=1S/C23H20ClN7O/c1-31-15-19(13-26-31)29-23-25-14-20(24)22(30-23)28-18-9-5-8-17(12-18)27-21(32)11-10-16-6-3-2-4-7-16/h2-15H,1H3,(H,27,32)(H2,25,28,29,30)"
CHEMBL6142527,43.6,7.360513510731414,C=CC(=O)Nc1cccc(Nc2nc(Nc3ccc(N4CCN(C(C)=O)CC4)cc3)ncc2Cl)c1,"InChI=1S/C25H26ClN7O2/c1-3-23(35)28-19-5-4-6-20(15-19)29-24-22(26)16-27-25(31-24)30-18-7-9-21(10-8-18)33-13-11-32(12-14-33)17(2)34/h3-10,15-16H,1,11-14H2,2H3,(H,28,35)(H2,27,29,30,31)"
CHEMBL6144365,63.5,7.197226274708024,C=CC(=O)Nc1cccc(Nc2nc(Nc3ccc4[nH]c(=O)oc4c3)ncc2Cl)c1,"InChI=1S/C20H15ClN6O3/c1-2-17(28)23-11-4-3-5-12(8-11)24-18-14(21)10-22-19(27-18)25-13-6-7-15-16(9-13)30-20(29)26-15/h2-10H,1H2,(H,23,28)(H,26,29)(H2,22,24,25,27)"
CHEMBL6144434,59.2,7.22767829327708,CCC(=O)Nc1cccc(Nc2nc(Nc3ccc4c(C)n(C)nc4c3)ncc2Cl)c1,"InChI=1S/C22H22ClN7O/c1-4-20(31)25-14-6-5-7-15(10-14)26-21-18(23)12-24-22(28-21)27-16-8-9-17-13(2)30(3)29-19(17)11-16/h5-12H,4H2,1-3H3,(H,25,31)(H2,24,26,27,28)"
CHEMBL6147522,114.0,6.943095148663527,CC(=O)N1CCN(c2ccc(Nc3ncc(Cl)c(Nc4cccc(NC(=O)CCl)c4)n3)cc2)CC1,"InChI=1S/C24H25Cl2N7O2/c1-16(34)32-9-11-33(12-10-32)20-7-5-17(6-8-20)30-24-27-15-21(26)23(31-24)29-19-4-2-3-18(13-19)28-22(35)14-25/h2-8,13,15H,9-12,14H2,1H3,(H,28,35)(H2,27,29,30,31)"
CHEMBL6149229,43.1,7.365522729839268,O=C(CCl)Nc1cccc(Nc2nc(Nc3ccc4[nH]c(=O)oc4c3)ncc2Cl)c1,"InChI=1S/C19H14Cl2N6O3/c20-8-16(28)23-10-2-1-3-11(6-10)24-17-13(21)9-22-18(27-17)25-12-4-5-14-15(7-12)30-19(29)26-14/h1-7,9H,8H2,(H,23,28)(H,26,29)(H2,22,24,25,27)"
CHEMBL6149588,97.8,7.009661145212399,C=CC(=O)Nc1cccc(Nc2nc(Nc3ccc4c(C)n(C)nc4c3)ncc2Cl)c1,"InChI=1S/C22H20ClN7O/c1-4-20(31)25-14-6-5-7-15(10-14)26-21-18(23)12-24-22(28-21)27-16-8-9-17-13(2)30(3)29-19(17)11-16/h4-12H,1H2,2-3H3,(H,25,31)(H2,24,26,27,28)"
CHEMBL6150187,26.95,7.569441230477243,CCC(=O)Nc1cccc(Nc2nc(Nc3cnn(C)c3)ncc2Cl)c1,"InChI=1S/C17H18ClN7O/c1-3-15(26)21-11-5-4-6-12(7-11)22-16-14(18)9-19-17(24-16)23-13-8-20-25(2)10-13/h4-10H,3H2,1-2H3,(H,21,26)(H2,19,22,23,24)"
CHEMBL6160060,116.0,6.935542010773082,CCC(=O)Nc1cccc(Nc2nc(Nc3ccc4[nH]c(=O)oc4c3)ncc2Cl)c1,"InChI=1S/C20H17ClN6O3/c1-2-17(28)23-11-4-3-5-12(8-11)24-18-14(21)10-22-19(27-18)25-13-6-7-15-16(9-13)30-20(29)26-15/h3-10H,2H2,1H3,(H,23,28)(H,26,29)(H2,22,24,25,27)"
CHEMBL6163246,87.8,7.056505484093897,CC(=O)N1CCN(c2ccc(Nc3ncc(Cl)c(Nc4cccc(NC(=O)/C=C/c5ccccc5)c4)n3)cc2)CC1,"InChI=1S/C31H30ClN7O2/c1-22(40)38-16-18-39(19-17-38)27-13-11-24(12-14-27)36-31-33-21-28(32)30(37-31)35-26-9-5-8-25(20-26)34-29(41)15-10-23-6-3-2-4-7-23/h2-15,20-21H,16-19H2,1H3,(H,34,41)(H2,33,35,36,37)"
CHEMBL6165980,78.9,7.102922996790579,Cc1c2ccc(Nc3ncc(Cl)c(Nc4cccc(NC(=O)CCl)c4)n3)cc2nn1C,"InChI=1S/C21H19Cl2N7O/c1-12-16-7-6-15(9-18(16)29-30(12)2)27-21-24-11-17(23)20(28-21)26-14-5-3-4-13(8-14)25-19(31)10-22/h3-9,11H,10H2,1-2H3,(H,25,31)(H2,24,26,27,28)"
CHEMBL6168204,41.6,7.380906669373257,Cn1cc(Nc2ncc(Cl)c(Nc3cccc(NC(=O)CCl)c3)n2)cn1,"InChI=1S/C16H15Cl2N7O/c1-25-9-12(7-20-25)23-16-19-8-13(18)15(24-16)22-11-4-2-3-10(5-11)21-14(26)6-17/h2-5,7-9H,6H2,1H3,(H,21,26)(H2,19,22,23,24)"
CHEMBL6168241,97.35,7.0116640441439495,C=CC(=O)Nc1cccc(Nc2nc(Nc3cnn(C)c3)ncc2Cl)c1,"InChI=1S/C17H16ClN7O/c1-3-15(26)21-11-5-4-6-12(7-11)22-16-14(18)9-19-17(24-16)23-13-8-20-25(2)10-13/h3-10H,1H2,2H3,(H,21,26)(H2,19,22,23,24)"
CHEMBL6169682,65.6,7.18309616062434,Cc1c2ccc(Nc3ncc(Cl)c(Nc4cccc(NC(=O)/C=C/c5ccccc5)c4)n3)cc2nn1C,"InChI=1S/C28H24ClN7O/c1-18-23-13-12-22(16-25(23)35-36(18)2)33-28-30-17-24(29)27(34-28)32-21-10-6-9-20(15-21)31-26(37)14-11-19-7-4-3-5-8-19/h3-17H,1-2H3,(H,31,37)(H2,30,32,33,34)"
CHEMBL939,391.05,6.40776770977599,COc1cc2ncnc(Nc3ccc(F)c(Cl)c3)c2cc1OCCCN1CCOCC1,"InChI=1S/C22H24ClFN4O3/c1-29-20-13-19-16(12-21(20)31-8-2-5-28-6-9-30-10-7-28)22(26-14-25-19)27-15-3-4-18(24)17(23)11-15/h3-4,11-14H,2,5-10H2,1H3,(H,25,26,27)"
